Workbook

Sheet Dashboard
A1: FRESH FORK | INVENTORY CONTROL CENTER
A4: FICTIONAL DEMONSTRATION • POS-TO-INVENTORY “SELL-TO-SHELF” CONCEPT
A6: SKUS TRACKED | D6: REORDER FLAGS | G6: INVENTORY VALUE | J6: LOWEST COVER
A7: =COUNTA('Inventory Data'!A5:A16) -> 12 | D7: =COUNTIF('Inventory Data'!K5:K16,"REORDER") -> 8 | G7: =SUM('Inventory Data'!M5:M16) -> 1396.05 | J7: =MIN('Inventory Data'!J5:J16) -> 1.9444444
A10: INVENTORY STATUS
A11: Ingredient | B11: On hand | C11: Reorder point | D11: Days cover | E11: Status | N11: Lowest cover | O11: Days of cover
A12: ='Inventory Data'!A5 -> Chicken breast | B12: ='Inventory Data'!D5 -> 42 | C12: ='Inventory Data'!I5 -> 57 | D12: ='Inventory Data'!J5 -> 2.8 | E12: ='Inventory Data'!K5 -> REORDER | N12: =INDEX('Inventory Data'!$A$5:$A$16,MATCH(1,'Inventory Data'!$N$5:$N$16,0)) -> Avocados | O12: =INDEX('Inventory Data'!$J$5:$J$16,MATCH(1,'Inventory Data'!$N$5:$N$16,0)) -> 1.9444444
A13: ='Inventory Data'!A6 -> Avocados | B13: ='Inventory Data'!D6 -> 35 | C13: ='Inventory Data'!I6 -> 50 | D13: ='Inventory Data'!J6 -> 1.9444444 | E13: ='Inventory Data'!K6 -> REORDER | N13: =INDEX('Inventory Data'!$A$5:$A$16,MATCH(2,'Inventory Data'!$N$5:$N$16,0)) -> Spinach | O13: =INDEX('Inventory Data'!$J$5:$J$16,MATCH(2,'Inventory Data'!$N$5:$N$16,0)) -> 2.6
A14: ='Inventory Data'!A7 -> Romaine lettuce | B14: ='Inventory Data'!D7 -> 43 | C14: ='Inventory Data'!I7 -> 28 | D14: ='Inventory Data'!J7 -> 4.7777778 | E14: ='Inventory Data'!K7 -> OK | N14: =INDEX('Inventory Data'!$A$5:$A$16,MATCH(3,'Inventory Data'!$N$5:$N$16,0)) -> Chicken breast | O14: =INDEX('Inventory Data'!$J$5:$J$16,MATCH(3,'Inventory Data'!$N$5:$N$16,0)) -> 2.8
A15: ='Inventory Data'!A8 -> Tomatoes | B15: ='Inventory Data'!D8 -> 24 | C15: ='Inventory Data'!I8 -> 29 | D15: ='Inventory Data'!J8 -> 3.4285714 | E15: ='Inventory Data'!K8 -> REORDER | N15: =INDEX('Inventory Data'!$A$5:$A$16,MATCH(4,'Inventory Data'!$N$5:$N$16,0)) -> Tortillas | O15: =INDEX('Inventory Data'!$J$5:$J$16,MATCH(4,'Inventory Data'!$N$5:$N$16,0)) -> 3.0882353
A16: ='Inventory Data'!A9 -> Brown rice | B16: ='Inventory Data'!D9 -> 40 | C16: ='Inventory Data'!I9 -> 80 | D16: ='Inventory Data'!J9 -> 3.3333333 | E16: ='Inventory Data'!K9 -> REORDER | N16: =INDEX('Inventory Data'!$A$5:$A$16,MATCH(5,'Inventory Data'!$N$5:$N$16,0)) -> Feta cheese | O16: =INDEX('Inventory Data'!$J$5:$J$16,MATCH(5,'Inventory Data'!$N$5:$N$16,0)) -> 3.2
A17: ='Inventory Data'!A10 -> Tortillas | B17: ='Inventory Data'!D10 -> 105 | C17: ='Inventory Data'!I10 -> 196 | D17: ='Inventory Data'!J10 -> 3.0882353 | E17: ='Inventory Data'!K10 -> REORDER
A18: ='Inventory Data'!A11 -> Black beans | B18: ='Inventory Data'!D11 -> 235 | C18: ='Inventory Data'!I11 -> 68 | D18: ='Inventory Data'!J11 -> 23.5 | E18: ='Inventory Data'!K11 -> OK
A19: ='Inventory Data'!A12 -> Cucumbers | B19: ='Inventory Data'!D12 -> 88 | C19: ='Inventory Data'!I12 -> 20 | D19: ='Inventory Data'!J12 -> 14.666667 | E19: ='Inventory Data'!K12 -> OK
A20: ='Inventory Data'!A13 -> Feta cheese | B20: ='Inventory Data'!D13 -> 16 | C20: ='Inventory Data'!I13 -> 27 | D20: ='Inventory Data'!J13 -> 3.2 | E20: ='Inventory Data'!K13 -> REORDER
A21: ='Inventory Data'!A14 -> Spinach | B21: ='Inventory Data'!D14 -> 13 | C21: ='Inventory Data'!I14 -> 16 | D21: ='Inventory Data'!J14 -> 2.6 | E21: ='Inventory Data'!K14 -> REORDER
A22: ='Inventory Data'!A15 -> Olive oil | B22: ='Inventory Data'!D15 -> 25 | C22: ='Inventory Data'!I15 -> 18 | D22: ='Inventory Data'!J15 -> 12.5 | E22: ='Inventory Data'!K15 -> OK
A23: ='Inventory Data'!A16 -> Lemons | B23: ='Inventory Data'!D16 -> 38 | C23: ='Inventory Data'!I16 -> 45 | D23: ='Inventory Data'!J16 -> 3.4545455 | E23: ='Inventory Data'!K16 -> REORDER
A30: REORDER LOGIC / Reorder point = average daily use × supplier lead time + safety stock
A36: DEMO ONLY • All data are fabricated. No actual company results, savings, or improvements are claimed.

Sheet Inventory Data
A1: bla
A2: FICTIONAL SAMPLE DATA • Change the input columns to explore reorder recommendations.
A4: Ingredient | B4: Category | C4: Unit | D4: On hand | E4: Avg daily use | F4: Lead time (days) | G4: Safety stock | H4: Unit cost ($) | I4: Reorder point | J4: Days of cover | K4: Reorder status | L4: Suggested order | M4: Stock value ($) | N4: Cover rank
A5: Chicken breast | B5: Protein | C5: lb | D5: 42 | E5: 15 | F5: 3 | G5: 12 | H5: 5.25 | I5: =E5*F5+G5 -> 57 | J5: =IF(E5=0,0,D5/E5) -> 2.8 | K5: =IF(D5<=I5,"REORDER","OK") -> REORDER | L5: =IF(D5<=I5,MAX(0,I5+E5*3-D5),0) -> 60 | M5: =D5*H5 -> 220.5 | N5: =RANK(J5,$J$5:$J$16,1)+COUNTIF($J$5:J5,J5)-1 -> 3
A6: Avocados | B6: Produce | C6: each | D6: 35 | E6: 18 | F6: 2 | G6: 14 | H6: 1.35 | I6: =E6*F6+G6 -> 50 | J6: =IF(E6=0,0,D6/E6) -> 1.9444444 | K6: =IF(D6<=I6,"REORDER","OK") -> REORDER | L6: =IF(D6<=I6,MAX(0,I6+E6*3-D6),0) -> 69 | M6: =D6*H6 -> 47.25 | N6: =RANK(J6,$J$5:$J$16,1)+COUNTIF($J$5:J6,J6)-1 -> 1
A7: Romaine lettuce | B7: Produce | C7: head | D7: 43 | E7: 9 | F7: 2 | G7: 10 | H7: 2.1 | I7: =E7*F7+G7 -> 28 | J7: =IF(E7=0,0,D7/E7) -> 4.7777778 | K7: =IF(D7<=I7,"REORDER","OK") -> OK | L7: =IF(D7<=I7,MAX(0,I7+E7*3-D7),0) -> 0 | M7: =D7*H7 -> 90.3 | N7: =RANK(J7,$J$5:$J$16,1)+COUNTIF($J$5:J7,J7)-1 -> 9
A8: Tomatoes | B8: Produce | C8: lb | D8: 24 | E8: 7 | F8: 3 | G8: 8 | H8: 2.45 | I8: =E8*F8+G8 -> 29 | J8: =IF(E8=0,0,D8/E8) -> 3.4285714 | K8: =IF(D8<=I8,"REORDER","OK") -> REORDER | L8: =IF(D8<=I8,MAX(0,I8+E8*3-D8),0) -> 26 | M8: =D8*H8 -> 58.8 | N8: =RANK(J8,$J$5:$J$16,1)+COUNTIF($J$5:J8,J8)-1 -> 7
A9: Brown rice | B9: Dry goods | C9: lb | D9: 40 | E9: 12 | F9: 5 | G9: 20 | H9: 1.95 | I9: =E9*F9+G9 -> 80 | J9: =IF(E9=0,0,D9/E9) -> 3.3333333 | K9: =IF(D9<=I9,"REORDER","OK") -> REORDER | L9: =IF(D9<=I9,MAX(0,I9+E9*3-D9),0) -> 76 | M9: =D9*H9 -> 78 | N9: =RANK(J9,$J$5:$J$16,1)+COUNTIF($J$5:J9,J9)-1 -> 6
A10: Tortillas | B10: Dry goods | C10: each | D10: 105 | E10: 34 | F10: 4 | G10: 60 | H10: 0.38 | I10: =E10*F10+G10 -> 196 | J10: =IF(E10=0,0,D10/E10) -> 3.0882353 | K10: =IF(D10<=I10,"REORDER","OK") -> REORDER | L10: =IF(D10<=I10,MAX(0,I10+E10*3-D10),0) -> 193 | M10: =D10*H10 -> 39.9 | N10: =RANK(J10,$J$5:$J$16,1)+COUNTIF($J$5:J10,J10)-1 -> 4
A11: Black beans | B11: Dry goods | C11: lb | D11: 235 | E11: 10 | F11: 5 | G11: 18 | H11: 1.65 | I11: =E11*F11+G11 -> 68 | J11: =IF(E11=0,0,D11/E11) -> 23.5 | K11: =IF(D11<=I11,"REORDER","OK") -> OK | L11: =IF(D11<=I11,MAX(0,I11+E11*3-D11),0) -> 0 | M11: =D11*H11 -> 387.75 | N11: =RANK(J11,$J$5:$J$16,1)+COUNTIF($J$5:J11,J11)-1 -> 12
A12: Cucumbers | B12: Produce | C12: each | D12: 88 | E12: 6 | F12: 2 | G12: 8 | H12: 1.2 | I12: =E12*F12+G12 -> 20 | J12: =IF(E12=0,0,D12/E12) -> 14.666667 | K12: =IF(D12<=I12,"REORDER","OK") -> OK | L12: =IF(D12<=I12,MAX(0,I12+E12*3-D12),0) -> 0 | M12: =D12*H12 -> 105.6 | N12: =RANK(J12,$J$5:$J$16,1)+COUNTIF($J$5:J12,J12)-1 -> 11
A13: Feta cheese | B13: Dairy | C13: lb | D13: 16 | E13: 5 | F13: 4 | G13: 7 | H13: 5.8 | I13: =E13*F13+G13 -> 27 | J13: =IF(E13=0,0,D13/E13) -> 3.2 | K13: =IF(D13<=I13,"REORDER","OK") -> REORDER | L13: =IF(D13<=I13,MAX(0,I13+E13*3-D13),0) -> 26 | M13: =D13*H13 -> 92.8 | N13: =RANK(J13,$J$5:$J$16,1)+COUNTIF($J$5:J13,J13)-1 -> 5
A14: Spinach | B14: Produce | C14: bag | D14: 13 | E14: 5 | F14: 2 | G14: 6 | H14: 3.4 | I14: =E14*F14+G14 -> 16 | J14: =IF(E14=0,0,D14/E14) -> 2.6 | K14: =IF(D14<=I14,"REORDER","OK") -> REORDER | L14: =IF(D14<=I14,MAX(0,I14+E14*3-D14),0) -> 18 | M14: =D14*H14 -> 44.2 | N14: =RANK(J14,$J$5:$J$16,1)+COUNTIF($J$5:J14,J14)-1 -> 2
A15: Olive oil | B15: Pantry | C15: bottle | D15: 25 | E15: 2 | F15: 7 | G15: 4 | H15: 8.25 | I15: =E15*F15+G15 -> 18 | J15: =IF(E15=0,0,D15/E15) -> 12.5 | K15: =IF(D15<=I15,"REORDER","OK") -> OK | L15: =IF(D15<=I15,MAX(0,I15+E15*3-D15),0) -> 0 | M15: =D15*H15 -> 206.25 | N15: =RANK(J15,$J$5:$J$16,1)+COUNTIF($J$5:J15,J15)-1 -> 10
A16: Lemons | B16: Produce | C16: each | D16: 38 | E16: 11 | F16: 3 | G16: 12 | H16: 0.65 | I16: =E16*F16+G16 -> 45 | J16: =IF(E16=0,0,D16/E16) -> 3.4545455 | K16: =IF(D16<=I16,"REORDER","OK") -> REORDER | L16: =IF(D16<=I16,MAX(0,I16+E16*3-D16),0) -> 40 | M16: =D16*H16 -> 24.7 | N16: =RANK(J16,$J$5:$J$16,1)+COUNTIF($J$5:J16,J16)-1 -> 8

Sheet Project Guide
A1: FRESH FORK | PROJECT GUIDE
A5: 01 | B5: Purpose | C5: Illustrates how point-of-sale ingredient deductions could feed an inventory dashboard.
A6: 02 | B6: Sample data | C6: Every ingredient quantity, cost, consumption rate and lead time is fictional.
A7: 03 | B7: Edit inputs | C7: Open Inventory Data; edit the warm-ivory input columns D:H. Formulas update automatically.
A8: 04 | B8: Reorder point | C8: Average daily usage × lead time + safety stock. Flags when on-hand <= reorder point.
A9: 05 | B9: Suggested order | C9: Demonstration policy: reorder up to reorder point plus three days of usage.
A10: 06 | B10: What it does NOT do | C10: This workbook is not connected to a live POS system or supplier. It does not track actual waste.
A11: 07 | B11: Case study context | C11: Fresh Fork is a hypothetical scenario; separate from the real Rutgers Flavour Hub team project.
A12: 08 | B12: Scenario detail | C12: The case prompt cites about 20% weekly produce waste; this dashboard does not claim to reduce it.
